NazwaInstytucji,SymbolLiterowy
Narodowy Bank Polski,NBP
Powszechna Kasa Oszczędności,PKO
Bank Handlowy w Warszawie Spółka Akcyjna,BH
ING,INGBSK
Bank BPH Spółka Akcyjna,BPH
Santander,SANPL
Bank Gospodarstwa Krajowego,BGK
mBank,mBank
Millennium,MIL
Bank Handlowo-Kredytowy Spółka Akcyjna w Katowicach w likwidacji,BHK
Polska Kasa Opieki,PEKAO
Bank Pocztowy,BPSA
Bank Ochrony Środowiska,BOS
Mercedes-Benz Bank Polska Spółka Akcyjna w likwidacji,MBBP
SGB-Bank Spółka Akcyjna,SGB-BA
PLUS BANK,PLUSSA
Société Générale Spółka Akcyjna Oddział w Polsce,SG
Nest Bank,NEST
Pekao Bank Hipoteczny Spółka Akcyjna,PEKAOH
Deutsche Bank Polska Spółka Akcyjna,DBPL
BANK POLSKIEJ SPÓŁDZIELCZOŚCI SPÓŁKA AKCYJNA,BPSSA
Credit Agricole,CABP
Idea Bank,IDEA
BNP Paribas Bank Polska,BNP
Santander Consumer Bank Spółka Akcyjna,SCB
mBank Hipoteczny Spółka Akcyjna,RH-BRE
Toyota Bank Polska Spółka Akcyjna,TBPSA
DNB Bank Polska Spółka Akcyjna,DNB
Svenska Handelsbanken AB Spółka Akcyjna Oddział w Polsce,SHBPOL
BNP Paribas S.A. Oddział w Polsce,BNPW
Danske Bank A/S Spółka Akcyjna Oddział w Polsce,DABAPO
Skandinaviska Enskilda Banken AB (Spółka Akcyjna) - Oddział w Polsce,SEBPL
CAIXABANK S.A. (SPÓŁKA AKCYJNA) ODDZIAŁ W POLSCE,CAIXA
Elavon Financial Services Designated Activity Company (Spółka z O.O. o Wyznaczonym Przedmiocie Działalności) Oddział w Polsce,ELAVON
BNP Paribas Securities Services Spółka Komandytowo - Akcyjna Oddział w Polsce,PARBPL
HAITONG BANK S.A. Spółka Akcyjna Oddział w Polsce,HTBK
Getin Noble Bank Spółka Akcyjna,GNB
Alior Bank,ALIOR
Aareal Bank Aktiengesellschaft (Spółka Akcyjna) - Oddział w Polsce,AAREAL
Citibank Europe plc (Publiczna Spółka Akcyjna) Oddział w Polsce,CE PLC
Ikano Bank AB (publ) Spółka Akcyjna Oddział w Polsce,IKANO
Nordea Bank Abp Spółka Akcyjna Oddział w Polsce,NORDAB
Bank of China (Europe) S.A. Spółka Akcyjna Oddział w Polsce,BOCPL
Industrial and Commercial Bank of China (Europe) S.A. (Spółka Akcyjna) Oddział w Polsce,ICBCPL
RCI Banque Spółka Akcyjna Oddział w Polsce,RCIOPL
EUROCLEAR Bank SA/NV (Spółka Akcyjna) - Oddział w Polsce,EUROCL
Intesa Sanpaolo S.p.A. Spółka Akcyjna Oddział w Polsce,ISPBA
Western Union International Bank GmbH Sp. z o.o. Oddział w Polsce,WUIBPL
PKO Bank Hipoteczny Spółka Akcyjna,PKOBH
TF BANK AB (Spółka z ograniczoną odpowiedzialnością) Oddział w Polsce,TFBPL
FCE Bank Spółka Akcyjna Oddział w Polsce,FCEPL
AS Inbank Spółka Akcyjna - Oddział w Polsce,Inbank
China Construction Bank (Europe) S.A. (Spółka Akcyjna) Oddział w Polsce,CCBPL
MUFG Bank (Europe) N.V. S.A. Oddział w Polsce,MUFG
John Deere Bank S.A. Spółka Akcyjna Oddział w Polsce,JDB
Volkswagen Bank GmbH Spółka z ograniczoną odpowiedzialnością Oddział w Polsce,VWBO
ING Bank Hipoteczny Spółka Akcyjna,ING_BH
Raiffeisen Bank International AG (Spółka Akcyjna) Oddział w Polsce,RBI PL
HSBC Continental Europe (Spółka Akcyjna) Oddział w Polsce,HBFRPL
Goldman Sachs Bank Europe SE Spółka Europejska Oddział w Polsce,GAGW
J.P. Morgan SE (Spółka Europejska) Oddział w Polsce,JPMSE
BFF Bank S.p.A. Spółka Akcyjna Oddział w Polsce,BFPL
FCA Bank S.p.A. Spółka Akcyjna Oddział w Polsce,FCABPL
Bank Nowy Spółka Akcyjna,BN
Allfunds Bank S.A.U. (Spółka Akcyjna) Oddział w Polsce,AFB PL
Hoist Finance AB (publ) Spółka Akcyjna Oddział w Polsce,HOIST
Millennium Bank Hipoteczny Spółka Akcyjna,MILBH
AION Bank S.A. Spółka Akcyjna Oddział w Polsce,Aion
Bank Spółdzielczy w Otwocku,BS8001
Bank Spółdzielczy w Piasecznie,BS8002
Mazovia Bank Spółdzielczy,BS8003
Bank Spółdzielczy w Raszynie,BS8004
Spółdzielczy Bank Rzemiosła i Rolnictwa w Wołominie w upadłości likwidacyjnej,BS8006
Bank Spółdzielczy w Tarczynie,BS8008
Mazowiecki Bank Spółdzielczy w Łomiankach,BS8009
Bank Spółdzielczy w Nowym Dworze Mazowieckim,BS8011
Bank Spółdzielczy w Legionowie,BS8013
Warszawski Bank Spółdzielczy,BS8015
Bank Spółdzielczy w Nadarzynie w upadłości,BS8017
Bank Spółdzielczy w Halinowie,BS8019
Bank Spółdzielczy w Karczewie,BS8023
Bank Spółdzielczy w Białej Podlaskiej,BS8025
Bank Spółdzielczy w Kornicy,BS8035
Bank Spółdzielczy w Łomazach,BS8037
Bank Spółdzielczy w Łosicach,BS8038
Bank Spółdzielczy w Międzyrzecu Podlaskim,BS8039
Bank Spółdzielczy w Parczewie,BS8042
Bank Spółdzielczy w Platerowie,BS8044
Bank Spółdzielczy w Radzyniu Podlaskim,BS8046
Bank Spółdzielczy w Białymstoku,BS8060
Bank Spółdzielczy w Bielsku Podlaskim,BS8061
Bank Spółdzielczy w Brańsku,BS8063
Bank Spółdzielczy w Hajnówce,BS8071
Bank Spółdzielczy w Juchnowcu Górnym,BS8074
Podlaski Bank Spółdzielczy w Knyszynie,BS8076
Bank Spółdzielczy w Korycinie,BS8077
Bank Spółdzielczy w Łapach,BS8081
Bank Spółdzielczy w Mońkach,BS8085
Bank Spółdzielczy w Narwi,BS8086
Bank Spółdzielczy w Siemiatyczach,BS8092
Bank Spółdzielczy w Sokółce,BS8093
Bank Spółdzielczy w Suchowoli,BS8094
Podlasko-Mazurski Bank Spółdzielczy  w Zabłudowie,BS8099
ABS Bank Spółdzielczy,BS8110
Beskidzki Bank Spółdzielczy,BBS
Bank Spółdzielczy w Brzeźnicy,BS8112
Bank Spółdzielczy w Cieszynie,BS8113
Bank Spółdzielczy w Jasienicy,BS8117
Bank Spółdzielczy w Jeleśni,BS8118
Bank Spółdzielczy w Kalwarii Zebrzydowskiej,BS8119
Bank Spółdzielczy w Porąbce,BS8124
Bank Spółdzielczy w Rajczy,BS8125
Bank Spółdzielczy w Skoczowie,BS8126
Bank Spółdzielczy w Suchej Beskidzkiej,BS8128
Bank Spółdzielczy w Ustroniu,BS8129
Bank Spółdzielczy w Węgierskiej Górce,BS8131
Bank Spółdzielczy w Bystrej,BS8133
Bank Spółdzielczy w Wilamowicach,BS8134
Bank Spółdzielczy w Zatorze,BS8136
Bank Spółdzielczy w Żywcu,BS8137
Bank Spółdzielczy w Gilowicach,BS8141
Bank Spółdzielczy w Bydgoszczy,BS8142
Bank Spółdzielczy w Koronowie,BS8144
Bank Spółdzielczy w Chojnicach,BS8146
Bank Spółdzielczy w Czersku,BS8147
Bank Spółdzielczy w Inowrocławiu,BS8149
Bank Spółdzielczy w Kruszwicy,BS8151
Bank Spółdzielczy w Strzelnie,BS8159
Bank Spółdzielczy w Więcborku,BS8162
Bank Spółdzielczy w Szubinie,BS8164
Bank Spółdzielczy w Kcyni,BS8166
Bank Spółdzielczy w Barcinie,BS8167
Bank Spółdzielczy w Świeciu,BS8168
Bank Spółdzielczy w Osiu,BS8169
Bank Spółdzielczy w Pruszczu Pomorskim,BS8170
Bank Spółdzielczy w Nowem n/Wisłą,BS8173
Bank Spółdzielczy w Tucholi,BS8174
Bank Spółdzielczy w Nakle n/Notecią,BS8179
Bank Spółdzielczy Pałuki w Żninie,BS8181
Piastowski Bank Spółdzielczy w Janikowie,BS8185
Wschodni Bank Spółdzielczy w Chełmie,BS8187
Bank Spółdzielczy w Wojsławicach,BS8188
Bank Spółdzielczy w Cycowie,BS8191
Bank Spółdzielczy w Leśniowicach,BS8195
Bank Spółdzielczy w Krasnymstawie,BS8200
Bank Spółdzielczy w Białopolu,BS8202
Bank Spółdzielczy w Bieżuniu,BS8212
Polski Bank Spółdzielczy w Ciechanowie,BS8213
Bank Spółdzielczy w Działdowie z siedzibą w Lidzbarku,BS8215
Bank Spółdzielczy w Grudusku,BS8220
Bank Spółdzielczy w Mławie,BS8225
Bank Spółdzielczy w Nasielsku,BS8226
Bank Spółdzielczy w Glinojecku,BS8229
Bank Spółdzielczy w Płońsku,BS8230
Bank Spółdzielczy w Pułtusku,BS8232
Bank Spółdzielczy w Raciążu,BS8233
Bank Spółdzielczy w Strzegowie,BS8238
Bank Spółdzielczy w Żurominie,BS8242
Bank Spółdzielczy w Kłobucku,BS8248
Bank Spółdzielczy w Krzepicach,BS8250
Bank Spółdzielczy w Mykanowie,BS8258
Częstochowski Bank Spółdzielczy JURA BANK,BS8260
Bank Spółdzielczy w Pajęcznie,BS8265
Bank Spółdzielczy w Konopiskach,BS8273
Bank Spółdzielczy w Szczekocinach,BS8277
Międzypowiatowy Bank Spółdzielczy w  Myszkowie,BS8279
Powiślański Bank Spółdzielczy w Kwidzynie,BS8300
Bank Spółdzielczy w Malborku,BS8303
Żuławski Bank Spółdzielczy,BS8306
Bank Spółdzielczy w Stegnie,BS8308
Bank Spółdzielczy w Sztumie,BS8309
Bank Spółdzielczy w Dzierzgoniu,BS8310
Braniewsko - Pasłęcki Bank Spółdzielczy z siedzibą w Pasłęku,BS8313
Bank Spółdzielczy w Prabutach,BS8319
Bank Spółdzielczy w Suszu,BS8320
Bank Spółdzielczy w Sierakowicach,BS8324
Bank Spółdzielczy w Kościerzynie,BS8328
Bank Spółdzielczy w Pruszczu Gdańskim,BS8335
Bank Spółdzielczy w Pszczółkach,BS8337
Bank Spółdzielczy w Starogardzie Gdańskim,BS8340
Bank Spółdzielczy w Skórczu,BS8342
Bank Spółdzielczy w Tczewie,BS8345
Bank Spółdzielczy w Gniewie,BS8346
Bank Spółdzielczy w Pucku,BS8348
Bank Spółdzielczy w Krokowej,BS8349
Kaszubski Bank Spółdzielczy,BS8350
Zjednoczony Bank Spółdzielczy,BS8351
Gospodarczy Bank Spółdzielczy w Barlinku,BS8355
Zachodniopomorski Bank Spółdzielczy,BS8359
Lubusko-Wielkopolski Bank Spółdzielczy,BS8362
Gospodarczy Bank Spółdzielczy w Gorzowie Wielkopolskim,BS8363
Lubuski Bank Spółdzielczy,BS8367
Bank Spółdzielczy w Ośnie Lubuskim,BS8369
Bank Spółdzielczy w Rzepinie,BS8371
Bank Spółdzielczy w Pieńsku,BS8382
Bank Spółdzielczy Lwówek Śląski w Lwówku Śląskim,BS8384
Łużycki Bank Spółdzielczy w Lubaniu,BS8392
Bank Spółdzielczy w Kamiennej Górze,BS8395
Bank Spółdzielczy Ziemi Kaliskiej,BS8404
Bank Spółdzielczy w Pleszewie,BS8407
Bank Spółdzielczy w Dobrzycy,BS8409
Bank Spółdzielczy w Krotoszynie,BS8410
Spółdzielczy Bank Ludowy w Kępnie,BS8413
Bank Spółdzielczy w Jarocinie,BS8427
Bank Spółdzielczy w Raszkowie,BS8430
Spółdzielczy Bank Ludowy w Skalmierzycach,BS8431
Bank Spółdzielczy w Tychach,BS8435
Mikołowski Bank Spółdzielczy w Mikołowie,BS8436
Śląski Bank Spółdzielczy Silesia w Katowicach,BS8437
Bank Spółdzielczy w Będzinie,BS8438
Bank Spółdzielczy w Chrzanowie,BS8444
Bank Spółdzielczy w Jaworznie,BS8445
Bank Spółdzielczy w Miedźnej,BS8446
Bank Spółdzielczy w Pawłowicach,BS8447
Bank Spółdzielczy w Pszczynie,BS8448
Bank Spółdzielczy w Olkuszu w likwidacji,BS8449
Bank Spółdzielczy w Wolbromiu,BS8450
Bank Spółdzielczy Czechowice-Dziedzice-Bestwina,BS8453
Orzesko-Knurowski Bank Spółdzielczy  z siedzibą w Knurowie,BS8454
Bank Spółdzielczy w Żorach,BS8456
Bank Spółdzielczy w Gliwicach,BS8457
Bank Spółdzielczy w Tarnowskich Górach,BS8463
Bank Spółdzielczy w Tworogu,BS8466
Bank Spółdzielczy w Świerklańcu,BS8467
Bank Spółdzielczy w Gorzycach,BS8469
Bank Spółdzielczy w Jastrzębiu Zdroju,BS8470
Bank Spółdzielczy w Krzyżanowicach,BS8474
Bank Spółdzielczy w Raciborzu,BS8475
Bank Spółdzielczy w Busku-Zdroju,BS8480
Bank Spółdzielczy w Chmielniku,BS8483
Bank Spółdzielczy Daleszyce-Górno,BS8485
Świętokrzyski Bank Spółdzielczy w Jędrzejowie,BS8490
Bank Spółdzielczy w Kielcach,BS8493
Bank Spółdzielczy w Końskich,BS8494
Bank Spółdzielczy w Łopusznie,BS8499
Bank Spółdzielczy w Ostrowcu Świętokrzyskim,BS8507
Bank Spółdzielczy w Pińczowie,BS8509
Bank Spółdzielczy w Samsonowie,BS8512
Nadwiślański Bank Spółdzielczy w Solcu-Zdroju,BS8517
Bank Spółdzielczy w Starachowicach,BS8518
Bank Spółdzielczy w Stopnicy,BS8519
Bank Spółdzielczy w Suchedniowie,BS8520
Bank Spółdzielczy w Szydłowie,BS8521
Bank Spółdzielczy w Wąchocku,BS8523
Bank Spółdzielczy we Włoszczowie,BS8525
Bank Spółdzielczy w Wodzisławiu,BS8526
Bank Spółdzielczy w Koninie,BS8530
Bank Spółdzielczy w Ślesinie,BS8534
Bank Spółdzielczy w Witkowie,BS8538
Bank Spółdzielczy w Słupcy,BS8542
Ludowy Bank Spółdzielczy w Strzałkowie,BS8543
Bank Spółdzielczy w Zagórowie,BS8544
Bank Spółdzielczy w Kłodawie,BS8545
Rejonowy Bank Spółdzielczy w Malanowie,BS8557
Bank Spółdzielczy w Wierzbinku,BS8558
Bank Spółdzielczy w Białogardzie,BS8562
Bałtycki Bank Spółdzielczy,BS8566
Bank Spółdzielczy w Kaliszu Pomorskim,BS8570
Bank Spółdzielczy w Połczynie Zdroju,BS8577
Pomorski Bank Spółdzielczy w Świdwinie,BS8581
Bank Spółdzielczy Rzemiosła w Krakowie,BSRKRA
Krakowski Bank Spółdzielczy,KBS
Bank Spółdzielczy w Proszowicach,BS8597
Bank Spółdzielczy w Skawinie,BS8600
Bank Spółdzielczy w Dobczycach,BS8602
Bank Spółdzielczy w Krzeszowicach,BS8612
Bank Spółdzielczy w Słomnikach,BS8614
Małopolski Bank Spółdzielczy,BS8619
Bieszczadzki Bank Spółdzielczy w Ustrzykach Dolnych,BS8621
Bank Spółdzielczy w Kołaczycach,BS8626
Bank Spółdzielczy w Bieczu,BS8627
Bank Spółdzielczy w Lipinkach,BS8628
Bank Spółdzielczy w Rymanowie,BS8636
Podkarpacki Bank Spółdzielczy,BS8642
Bank Spółdzielczy w Chojnowie,BS8644
Bank Spółdzielczy w Głogowie,BS8646
Bank Spółdzielczy w Jaworze,BS8647
Bank Spółdzielczy w Legnicy,BS8649
Bank Spółdzielczy w Przemkowie,BS8653
Powiatowy Bank Spółdzielczy w Złotoryi,BS8658
Bank Spółdzielczy we Włoszakowicach,BS8661
Bank Spółdzielczy w Kościanie,BS8666
Bank Spółdzielczy w Śmiglu,BS8667
Bank Spółdzielczy we Wschowie,BS8669
Bank Spółdzielczy w Jutrosinie,BS8674
Powiatowy Bank Spółdzielczy w Gostyniu,BS8678
Bank Spółdzielczy w Poniecu,BS8682
Rejonowy Bank Spółdzielczy w Bychawie,BS8685
Bank Spółdzielczy w Niedrzwicy Dużej,BS8687
Spółdzielczy Bank Powiatowy w Piaskach,BS8689
Bank Spółdzielczy w Łęcznej,BS8693
Bank Spółdzielczy w Niemcach,BS8702
Bank Spółdzielczy w Lubartowie,BS8707
Bank Spółdzielczy Ziemi Kraśnickiej  w Kraśniku,BS8717
Bank Spółdzielczy w Rykach,BS8724
Bank Spółdzielczy w Józefowie nad Wisłą,BS8729
Bank Spółdzielczy w Kazimierzu Dolnym,BS8731
Bank Spółdzielczy w Nałęczowie,BS8733
Powiatowy Bank Spółdzielczy w Opolu  Lubelskim,BS8734
Bank Spółdzielczy w Poniatowej,BS8735
Lubelski Bank Spółdzielczy,BS8741
Bank Spółdzielczy w Czyżewie,BS8747
Bank Spółdzielczy w Ciechanowcu,BS8749
Bank Spółdzielczy w Jedwabnem,BS8752
Bank Spółdzielczy w Kolnie,BS8754
Bank Spółdzielczy w Łomży,BS8757
Hexa Bank Spółdzielczy,BS8762
Bank Spółdzielczy w Sokołach,BS8766
Bank Spółdzielczy w Szczuczynie,BS8768
Spółdzielczy Bank Rozwoju,BS8769
Bank Spółdzielczy w Szumowie,BS8770
Bank Spółdzielczy w Wysokiem Mazowieckiem,BS8774
Bank Spółdzielczy w Zambrowie,BS8775
Bank Spółdzielczy w Aleksandrowie Łódzkim,BS8780
Bank Spółdzielczy w Andrespolu,BS8781
Bank Spółdzielczy w Zgierzu,BS8783
Łódzki Bank Spółdzielczy,BS8784
Bank Spółdzielczy w Ozorkowie,BS8786
Bank Spółdzielczy w Głownie,BS8787
Bank Spółdzielczy Ziem Górskich KARPATIA,BS8791
Bank Spółdzielczy w Czarnym Dunajcu,BS8792
Bank Spółdzielczy w Gorlicach,BS8795
Bank Spółdzielczy w Grybowie,BS8797
Bank Spółdzielczy w Jabłonce,BS8798
Bank Spółdzielczy w Jordanowie,BS8799
Bank Spółdzielczy w Limanowej,BS8804
Łącki Bank Spółdzielczy,BS8805
Bank Spółdzielczy w Mszanie Dolnej,BS8808
Bank Spółdzielczy w Nowym Sączu,BS8811
Bank Spółdzielczy w Nowym Targu,BS8812
Bank Spółdzielczy w Piwnicznej - Zdroju,BS8813
Bank Spółdzielczy w Podegrodziu,BS8814
Bank Spółdzielczy w Rabie Wyżnej,BS8815
Bank Spółdzielczy w Starym Sączu,BS8816
Pieniński Bank Spółdzielczy,BS8817
Bank Spółdzielczy w Łososinie Dolnej,BS8818
Podhalański Bank Spółdzielczy w Zakopanem,BS8821
Bank Spółdzielczy w Olsztynku,BS8823
Bank Spółdzielczy w Iławie,BS8831
Bank Spółdzielczy w Lubawie,BS8832
Bank Spółdzielczy w Nidzicy,BS8834
Bank Spółdzielczy w Szczytnie,BS8838
Morąsko-Zalewski Bank Spółdzielczy,BS8843
Bank Spółdzielczy w Mrągowie,BS8848
Bank Spółdzielczy w Reszlu,BS8851
Bank Spółdzielczy w Bartoszycach,BS8855
Warmiński Bank Spółdzielczy,BS8857
Bank Spółdzielczy w Brzegu,BS8863
Bank Spółdzielczy w Baborowie,BS8866
Bank Spółdzielczy w Głubczycach,BS8868
Bank Spółdzielczy Grodków-Łosiów z siedzibą w Grodkowie,BS8870
Bank Spółdzielczy w Otmuchowie,BS8872
Bank Spółdzielczy w Wołczynie,BS8876
Powiatowy Bank Spółdzielczy w Kędzierzynie-Koźlu,BS8882
Bank Spółdzielczy w Gogolinie,BS8883
Bank Spółdzielczy w Krapkowicach,BS8884
Bank Spółdzielczy w Namysłowie,BS8890
Bank Spółdzielczy w Dobrzeniu Wielkim,BS8895
Bank Spółdzielczy w Łubnianach,BS8897
Bank Spółdzielczy Bank Rolników w Opolu,BS8898
Bank Spółdzielczy w Białej,BS8903
Bank Spółdzielczy w Głogówku,BS8904
Bank Spółdzielczy w Prudniku,BS8905
Bank Spółdzielczy w Leśnicy,BS8907
Bank Spółdzielczy w Zawadzkiem,BS8909
Limes Bank Spółdzielczy,BS8913
Bank Spółdzielczy w Goworowie,BS8915
Bank Spółdzielczy w Kadzidle,BS8916
Bank Spółdzielczy w Krasnosielcu z siedzibą w Makowie Mazowieckim,BS8917
Kurpiowski Bank Spółdzielczy w Myszyńcu,KBSM
Bank Spółdzielczy w Ostrowi Mazowieckiej,BS8923
Bank Spółdzielczy w Przasnyszu,BS8924
Bank Spółdzielczy w Różanie,BS8925
Bank Spółdzielczy w Wąsewie,BS8930
Polski Bank Spółdzielczy w Wyszkowie,BS8931
Bank Spółdzielczy w Jastrowiu,BS8935
Nadnotecki Bank Spółdzielczy,BS8937
Bank Spółdzielczy w Łobżenicy,BS8938
Bank Spółdzielczy w Wysokiej,BS8940
Spółdzielczy Bank Ludowy w Złotowie,BS8941
Bank Spółdzielczy w Lipce,BS8943
Spółdzielczy Bank Ludowy w Zakrzewie,BS8944
Bank Spółdzielczy w Chodzieży,BS8945
Bank Spółdzielczy w Czarnkowie,BS8951
Pałucki Bank Spółdzielczy w Wągrowcu,BS8959
Bank Spółdzielczy w Wieleniu,BS8960
Bank Spółdzielczy we Wronkach,BS8961
Bank Spółdzielczy Ziemi Piotrkowskiej w Piotrkowie Trybunalskim,BS8973
ESBANK Bank Spółdzielczy,BS8980
Powiatowy Bank Spółdzielczy w Tomaszowie Mazowieckim,BS8985
Bank Spółdzielczy w Przedborzu,BS8988
Bank Spółdzielczy w Opocznie,BS8992
Bank Spółdzielczy w Małej Wsi,BS9006
Bank Spółdzielczy w Staroźrebach,BS9008
Bank Spółdzielczy w Iłowie,BS9010
Vistula Bank Spółdzielczy,BS9011
Bank Spółdzielczy w Gostyninie,BS9012
Bank Spółdzielczy w Gąbinie,BS9013
Bank Spółdzielczy Wspólna Praca w Kutnie,BS9021
Bank Spółdzielczy Ziemi Łęczyckiej w Łęczycy,BS9029
Bank Spółdzielczy w Starej Białej,BS9038
Bank Spółdzielczy MAZOWSZE w Płocku,BS9042
POZNAŃSKI BANK SPÓŁDZIELCZY,BS9043
Pobiedzisko - Gośliński Bank Spółdzielczy w Pobiedziskach,P-G BS
Gospodarczy Bank Spółdzielczy w Mosinie,BS9048
Ludowy Bank Spółdzielczy w Obornikach,BS9055
Bank Spółdzielczy w Nowym Tomyślu,BS9058
Bank Spółdzielczy w Grodzisku Wielkopolskim,BS9063
Bank Spółdzielczy w Gnieźnie,BS9065
Wielkopolski Bank Spółdzielczy,BS9068
Bank Spółdzielczy Duszniki,BS9072
Bank Spółdzielczy w Kostrzynie,BS9075
Bank Spółdzielczy w Kórniku,BS9076
Nadobrzański Bank Spółdzielczy w Rakoniewicach,BS9081
Bank Spółdzielczy Pojezierza Międzychodzko - Sierakowskiego w Sierakowie,BS9082
Spółdzielczy Bank Ludowy im.Ks.P.Wawrzyniaka,BS9084
BANK SPÓŁDZIELCZY w Środzie Wielkopolskiej,BS9085
Bank Spółdzielczy w Chłopicach,BS9091
Bank Spółdzielczy w Dynowie,BS9093
Bank Spółdzielczy w Jarosławiu,BS9096
Bank Spółdzielczy w Lubaczowie,BS9101
Bank Spółdzielczy w Narolu,BS9103
Bank Spółdzielczy w Przeworsku,BS9106
Bank Spółdzielczy w Radymnie,BS9107
Bank Spółdzielczy w Żurawicy,BS9113
Bank Spółdzielczy Rzemiosła w Radomiu,BS9115
Bank Spółdzielczy im.Stefczyka w Belsku Dużym,BS9116
Bank Spółdzielczy w Białobrzegach,BS9117
Bank Spółdzielczy w Chynowie,BS9121
Bank Spółdzielczy w Głowaczowie,BS9125
Bank Spółdzielczy w Grójcu,BS9128
Bank Spółdzielczy w Iłży,BS9129
Bank Spółdzielczy w Jasieńcu,BS9130
Południowo-Mazowiecki Bank Spółdzielczy w Jedlińsku,BS9132
Bank Spółdzielczy w Lipsku,BS9135
Bank Spółdzielczy w Pionkach,BS9141
Bank Spółdzielczy w Przysusze,BS9145
Bank Spółdzielczy w Radomiu,BS9147
Bank Spółdzielczy w Skaryszewie,BS9150
Bank Spółdzielczy w Warce,BS9154
Bank Spółdzielczy w Zwoleniu,BS9157
Bank Spółdzielczy w Błażowej,BS9158
Bank Spółdzielczy w Głogowie Małopolskim,BS9159
Bank Spółdzielczy w Lubeni,BS9161
Bank Spółdzielczy w Rzeszowie,BS9162
Bank Spółdzielczy w Niechobrzu,BS9163
Bank Spółdzielczy w Tyczynie,BS9164
Bank Spółdzielczy w Strzyżowie,BS9168
Bank Spółdzielczy w Ropczycach,BS9171
Bank Spółdzielczy w Sędziszowie Młp.,BS9172
Bank Spółdzielczy w Wielopolu Skrzyńskim,BS9173
Bank Spółdzielczy w Żołyni,BS9175
EXPRESS BANK SPÓŁDZIELCZY,BS9176
Bank Spółdzielczy w Łańcucie,BS9177
Bank Spółdzielczy w Kolbuszowej,BS9180
Bank Spółdzielczy w Sokołowie Małopolskim,BS9182
Bank Spółdzielczy w Mielcu,BS9183
Bank Spółdzielczy w Przecławiu,BS9184
Bank Spółdzielczy w Leżajsku,BS9187
Bank Spółdzielczy w Jasionce,BS9191
Bank Spółdzielczy w Mokobodach,BS9193
Bank Spółdzielczy w Siedlcach,BS9194
Międzygminny Bank Spółdzielczy w Zbuczynie,BS9198
Bank Spółdzielczy w Adamowie,BS9202
Bank Spółdzielczy w Krzywdzie,BS9203
Bank Spółdzielczy w Łukowie,BS9204
Bank Spółdzielczy w Trzebieszowie,BS9206
Bank Spółdzielczy w Garwolinie,BS9210
Bank Spółdzielczy w Łaskarzewie,BS9217
Powiatowy Bank Spółdzielczy w Sokołowie Podlaskim,BS9221
Bank Spółdzielczy w Kałuszynie,BS9224
Bank Spółdzielczy w Mińsku Mazowieckim,BS9226
Bank Spółdzielczy w Łochowie,BS9233
Powiatowy Bank Spółdzielczy w Węgrowie,BS9236
Bank Spółdzielczy Ziemi Wieluńskiej,BS9244
Bank Spółdzielczy w Błaszkach,BS9245
Nadwarciański Bank Spółdzielczy w Działoszynie,BS9251
Rejonowy Bank Spółdzielczy w Lututowie,BS9256
Bank Spółdzielczy w Poddębicach,BS9263
Bank Spółdzielczy w Ruścu,BS9264
Bank Spółdzielczy w Sieradzu,BS9267
Bank Spółdzielczy w Szadku,BS9269
Bank Spółdzielczy w Warcie,BS9270
Bank Spółdzielczy w Wartkowicach,BS9271
Ludowy Bank Spółdzielczy w Zduńskiej Woli,BS9279
Bank Spółdzielczy w Sochaczewie,BS9283
Bank Spółdzielczy w Teresinie,BS9284
Bank Spółdzielczy Ziemi Łowickiej w Łowiczu,BS9288
Bank Spółdzielczy w Białej Rawskiej,BS9291
Bank Spółdzielczy w Skierniewicach,BS9297
Bank Spółdzielczy w Mszczonowie,BS9302
Bank Spółdzielczy w Ustce,BS9315
Bank Spółdzielczy w Sławnie,BS9317
Bank Spółdzielczy w Bytowie,BS9321
Bank Spółdzielczy w Człuchowie,BS9326
Bank Spółdzielczy w Ełku,BS9331
Bank Spółdzielczy w Bargłowie Kościelnym,BS9334
Bank Spółdzielczy w Olecku,BS9339
Mazurski Bank Spółdzielczy w Giżycku,BS9343
Bank Spółdzielczy w Węgorzewie,BS9348
Bank Spółdzielczy w Augustowie,BS9351
Bank Spółdzielczy w Sejnach,BS9354
Bank Spółdzielczy w Suwałkach,BS9359
Warmińsko - Mazurski Bank Spółdzielczy,WMBS
Bank Spółdzielczy w Rutce-Tartak,BS9367
Bank Spółdzielczy w Chojnie,BS9370
Bank Spółdzielczy w Goleniowie,BS9375
Bank Spółdzielczy w Gryficach,BS9376
Pyrzycko-Stargardzki Bank Spółdzielczy,BS9387
Bank Spółdzielczy w Wolinie,BS9393
Bank Spółdzielczy w Grębowie,BS9407
Bank Spółdzielczy w Janowie Lubelskim,BS9410
Bank Spółdzielczy w Ożarowie,BS9423
Bank Spółdzielczy w Połańcu,BS9425
Bank Spółdzielczy w Sandomierzu,BS9429
Nadsański Bank Spółdzielczy,BS9430
Bank Spółdzielczy w Staszowie,BS9431
Bank Spółdzielczy w Tarnobrzegu,BS9434
Bank Spółdzielczy w Zaleszanach,BS9439
Bank Spółdzielczy w Brzesku,BS9453
Bank Spółdzielczy w Dąbrowie Tarnowskiej,BS9462
Bank Spółdzielczy w Szczucinie,BS9464
Bank Spółdzielczy w Pilźnie,BS9477
Bank Spółdzielczy w Żyrakowie,BS9478
Bank Spółdzielczy w Radomyślu Wielkim,BS9479
Bank Spółdzielczy w Brodnicy,BSBROD
Bank Spółdzielczy w Golubiu - Dobrzyniu,BS9489
Bank Spółdzielczy w Grębocinie,BS9491
Bank Spółdzielczy w Kowalewie Pomorskim,BS9496
Bank Spółdzielczy w Łasinie,BS9500
Nicolaus Bank Spółdzielczy w Toruniu,BS9511
Bank Spółdzielczy w Kłodzku,BS9523
Bank Spółdzielczy w Dzierżoniowie,BS9527
Bank Spółdzielczy w Świdnicy,BS9531
Bank Spółdzielczy w Ząbkowicach Śląskich,BS9533
Gospodarczy Bank Spółdzielczy Radków z/s w Nowej Rudzie,BS9536
Kujawski Bank Spółdzielczy w Aleksandrowie Kujawskim,BS9537
Bank Spółdzielczy w Lipnie,BS9542
Bank Spółdzielczy w Skępem,BS9546
Bank Spółdzielczy w Radziejowie,BS9549
Kujawsko-Dobrzyński Bank Spółdzielczy,BS9550
Bank Spółdzielczy w Piotrkowie Kujawskim,BS9551
Bank Spółdzielczy w Kowalu,BS9557
Bank Spółdzielczy w Lubrańcu,BS9559
Bank Spółdzielczy w Kątach Wrocławskich,BS9574
Bank Spółdzielczy w Kobierzycach,BS9575
Bank Spółdzielczy w Miliczu,BS9582
Bank Spółdzielczy w Obornikach Śląskich,BS9583
Bank Spółdzielczy w Oleśnicy,BS9584
Bank Spółdzielczy w Oławie,BS9585
Gospodarczy Bank Spółdzielczy w Strzelinie,BS9588
Bank Spółdzielczy w Środzie Śląskiej,BS9589
Bank Spółdzielczy w Trzebnicy,BS9591
Bank Spółdzielczy w Żmigrodzie,BS9598
Bank Spółdzielczy w Biłgoraju,BS9602
Bank Spółdzielczy we Frampolu,BS9604
Bank Spółdzielczy w Izbicy,BS9610
Bank Spółdzielczy w Lubyczy Królewskiej,BS9617
Bank Spółdzielczy w Łukowej,BS9619
Bank Spółdzielczy w Obszy,BS9623
Bank Spółdzielczy w Szczebrzeszynie,BS9632
Bank Spółdzielczy w Tarnogrodzie,BS9637
Bank Spółdzielczy w Tomaszowie Lubelskim,BS9639
Bank Spółdzielczy w Werbkowicach,BS9642
Powiatowy Bank Spółdzielczy w Zamościu,BS9644
Bank Spółdzielczy w Biszczy,BS9649
Bank Spółdzielczy w Krośnie Odrzańskim,BS9656
Bank Spółdzielczy w Żaganiu,BS9657
Bank Spółdzielczy w Iłowej,BS9658
Bank Spółdzielczy w Siedlcu,BS9660
Bank Spółdzielczy w Kożuchowie,BS9673
Bank Spółdzielczy w Nowej Soli,BS9674
Powiatowy Bank Spółdzielczy we Wrześni,BS9681
Zakład Ubezpieczeń Społecznych,ZUS
PayTel Spółka Akcyjna,PayTel
SkyCash Poland Spółka Akcyjna,skycas
CashBill Spółka Akcyjna,CASHB
Diners Club Polska Spółka z ograniczoną odpowiedzialnością,DC
Currency One Spółka Akcyjna,CU-ONE
PayPro Spółka Akcyjna,PAYPRO
Fenige Spółka z ograniczoną odpowiedzialnością,FENIGE
VIVA PAYMENT SERVICES SPÓŁKA AKCYJNA ODDZIAŁ W POLSCE,VivaPL
YetiPay spółka z ograniczoną odpowiedzialnością,YETIPA
American Express Europe Spółka Akcyjna Oddział w Polsce,AEESA
Billon Solutions spółka z ograniczoną odpowiedzialnością,BILLON
UNIFIEDPOST PAYMENTS SPÓŁKA AKCYJNA ODDZIAŁ W POLSCE,
Blue Media Spółka Akcyjna,BM
Igoria Trade Spółka Akcyjna,IGORIA
eCard Spółka Akcyjna,eCard
Poczta Polska Spółka Akcyjna,PP
Planet Pay spółka z ograniczoną odpowiedzialnością,Planet
mPay Spółka Akcyjna,MPAY
Centrum Elektronicznych Usług Płatniczych eService spółka z ograniczoną odpowiedzialnością,eServ
PayU Spółka Akcyjna,PayU
Spółdzielcza Kasa Oszczędnościowo-Kredytowa ENERGIA,SK003
Spółdzielcza Kasa Oszczędnościowo-Kredytowa im. Stanisława Adamskiego w Toruniu,SK011
Spółdzielcza Kasa Oszczędnościowo-Kredytowa w Kostrzynie nad Odrą,SK014
Spółdzielcza Kasa Oszczędnościowo-Kredytowa Ziemi Rybnickiej,SK037
Spółdzielcza Kasa Oszczędnościowo-Kredytowa Boże Dary,SK039
Spółdzielcza Kasa Oszczędnościowo-Kredytowa im. Unii Lubelskiej w Lublinie,SK042
Spółdzielcza Kasa Oszczędnościowo-Kredytowa PROGRES,SK046
Spółdzielcza Kasa Oszczędnościowo-Kredytowa Śląsk z siedzibą w Rudzie Śląskiej,SK048
Spółdzielcza Kasa Oszczędnościowo-Kredytowa Wisła,SK052
Spółdzielcza Kasa Oszczędnościowo-Kredytowa im. Zygmunta Chmielewskiego,SK061
Spółdzielcza Kasa Oszczędnościowo-Kredytowa im. Franciszka Stefczyka,SK065
Krakowska Spółdzielcza Kasa Oszczędnościowo-Kredytowa w Krakowie,SK079
Spółdzielcza Kasa Oszczędnościowo-Kredytowa „Szopienice” w Katowicach,SK089
Spółdzielcza Kasa Oszczędnościowo-Kredytowa Świdnik,SK099
Spółdzielcza Kasa Oszczędnościowo-Kredytowa przy Dezamet S.A. w Nowej Dębie,SK105
Spółdzielcza Kasa Oszczędnościowo-Kredytowa „Centrum”,SK115
Spółdzielcza Kasa Oszczędnościowo-Kredytowa im. Eugeniusza Kwiatkowskiego,SK118
Zachodniopomorska Spółdzielcza Kasa Oszczędnościowo-Kredytowa,SK144
Regionalna Spółdzielcza Kasa Oszczędnościowo-Kredytowa im. św. Brata Alberta,SK190
Krajowa Spółdzielcza Kasa Oszczędnościowo-Kredytowa,KSKOK
